MAV_CH1,RMS_CH1,WL_CH1,ZC_CH1,SSC_CH1,MAV_CH2,RMS_CH2,WL_CH2,ZC_CH2,SSC_CH2,MAV_CH3,RMS_CH3,WL_CH3,ZC_CH3,SSC_CH3,MAV_CH4,RMS_CH4,WL_CH4,ZC_CH4,SSC_CH4,MAV_CH5,RMS_CH5,WL_CH5,ZC_CH5,SSC_CH5,MAV_CH6,RMS_CH6,WL_CH6,ZC_CH6,SSC_CH6,MAV_CH7,RMS_CH7,WL_CH7,ZC_CH7,SSC_CH7,MAV_CH8,RMS_CH8,WL_CH8,ZC_CH8,SSC_CH8,Label,SessionID
206.94331983805668,279.26351956588223,84526,0.36639676113360325,330,213.75708502024293,291.4081059451269,76418,0.305668016194332,243,237.3684210526316,332.64658879422956,97088,0.42105263157894735,324,202.2753036437247,280.616758555483,81965,0.42105263157894735,286,217.72267206477733,302.27249617409757,84736,0.3765182186234818,271,256.6578947368421,367.6519790954396,91621,0.30364372469635625,244,415.6578947368421,652.2721002101429,127466,0.3076923076923077,220,115.9089068825911,150.5307277601487,47467,0.3805668016194332,293,5,Roee_Savion_9
104.545,131.18546032240005,16731,0.375,102,126.305,155.35586567619518,20023,0.42,102,127.78,158.47734853915244,20751,0.41,104,128.31,160.89869483622294,20869,0.385,108,124.14,154.36871444693708,19626,0.38,101,119.62,147.8717011466359,18802,0.385,108,119.195,149.41929259637124,20332,0.385,111,108.295,135.98435571785453,16830,0.38,104,0,Roee_Savion_9
367.22,697.6689544475947,29066,0.28,90,294.57,504.00749002370986,27744,0.285,84,293.82,501.93215677021533,28017,0.285,102,231.895,353.333305817609,23905,0.29,84,276.005,479.7393511064107,27998,0.275,92,252.185,412.6527656517038,26265,0.3,88,184.27,266.8168285547222,21561,0.3,90,177.155,254.05069376012338,18565,0.315,92,0,Roee_Savion_9
106.66,133.36000149970005,17174,0.355,110,122.305,156.65466798024246,22379,0.325,115,124.345,156.90473224221122,21565,0.355,110,121.85,153.6516514717626,21119,0.355,114,115.76,145.56716662764305,19026,0.415,111,111.145,140.08310033690717,18549,0.41,114,118.175,149.76984008804976,20684,0.38,112,108.98,137.74516325446785,18374,0.38,110,0,Roee_Savion_9
151.425,192.08405712083447,19155,0.25,103,140.18,174.3549827220318,22279,0.29,111,131.09,166.2514661589485,21073,0.325,105,125.725,158.23594724334924,20199,0.315,105,138.95,172.14322525153293,19812,0.315,107,138.975,173.89984186306782,21574,0.31,105,120.975,148.66490843504394,19199,0.35,110,130.18,163.83519157983122,19822,0.285,107,0,Roee_Savion_9
115.965,151.5918698347639,18485,0.375,120,118.805,149.3136463957665,19874,0.435,122,116.555,147.51493144763347,20545,0.41,120,108.165,135.80414205759706,18975,0.445,115,114.71,145.0335823180273,20464,0.38,114,110.695,141.52644629185033,19518,0.43,114,105.47,133.8979088709006,19517,0.43,117,99.96,127.58146417093668,17196,0.42,118,0,Roee_Savion_9
137.34,196.3644825318469,17708,0.36,108,146.8,194.2937466826969,19978,0.365,108,138.33,182.24318917314852,19307,0.405,108,126.095,158.57769389166938,19175,0.405,109,136.185,178.5165678585604,19240,0.4,108,135.37,175.6795377953847,19207,0.385,108,113.315,140.33297901776334,17649,0.42,106,123.345,153.05405907717704,16821,0.345,100,0,Roee_Savion_9
98.87,122.10241602851272,15952,0.42,104,115.35,141.79069080867052,18324,0.44,106,115.65,142.58723645544154,18662,0.425,109,112.67,137.238223538488,17598,0.44,108,114.355,140.13059979890187,18230,0.45,108,109.23,135.06331848433163,17767,0.435,110,113.445,139.96483486933423,17704,0.435,108,100.785,123.71748057570522,15841,0.42,108,0,Roee_Savion_9
98.9,124.08952413479551,16166,0.385,109,119.51,150.76647505330885,19634,0.395,108,119.765,151.47493191944335,19707,0.4,108,115.85,146.66516287107856,19435,0.395,106,116.885,149.3347749186371,19931,0.39,108,112.655,143.6344492104871,19375,0.395,108,114.53,144.3124041792666,18932,0.37,108,100.795,126.97694672656135,16527,0.385,107,0,Roee_Savion_9
91.655,112.08298265124817,15089,0.46,111,110.425,136.02946372018084,19018,0.46,111,109.735,134.6308842725175,18563,0.46,109,105.66,130.26522943594733,18298,0.465,111,106.09,130.75152006764586,18230,0.49,111,103.06,127.61857231610139,17883,0.475,111,105.685,130.39457427362535,17942,0.46,109,94.01,115.67437054075548,15730,0.455,114,0,Roee_Savion_9
97.585,122.46168788645696,16543,0.415,114,119.565,148.33254868706328,20026,0.4,112,119.31,147.12300975714166,19594,0.395,112,112.425,140.0039463729505,19026,0.4,112,115.835,143.21611292029957,19198,0.395,110,112.47,139.3196683889249,18913,0.385,110,114.17,142.77005988651823,19536,0.4,110,99.675,124.54370718747695,16709,0.41,106,0,Roee_Savion_9
90.7,111.50784725749125,15112,0.41,108,109.655,134.84088771585567,17980,0.425,106,108.495,134.3576756274088,18269,0.445,108,104.805,129.2544196536428,17338,0.47,107,104.38,128.27930464420206,17149,0.455,106,102.89,125.86596044999617,16793,0.44,105,105.17,128.90256009870401,17507,0.415,107,92.64,113.28720139539152,15446,0.425,107,0,Roee_Savion_9
102.585,127.89532829622824,16137,0.355,104,117.245,148.4879624750774,19832,0.345,100,119.13,149.85246077392256,19830,0.335,101,113.945,143.04570947777498,19033,0.34,101,114.27,143.68465471302076,18956,0.36,102,112.605,141.68925506191357,18697,0.335,98,114.175,145.05245602884497,19284,0.355,99,99.02,125.49163318723683,17004,0.35,97,0,Roee_Savion_9
96.925,121.62370245967684,16944,0.355,102,114.93,143.58081348146766,19914,0.36,104,114.89,143.68155761961935,19632,0.36,104,109.22,137.05290949118884,18812,0.345,106,109.225,137.31939047345062,19245,0.36,106,107.065,134.1811275850669,18682,0.355,106,111.655,140.0582914361017,19400,0.35,104,96.31,120.47369007380823,16951,0.365,103,0,Roee_Savion_9
99.85,123.66515273107457,15625,0.445,109,119.125,147.54021485683148,18669,0.45,108,118.565,147.22450543302904,18711,0.45,109,114.075,140.510800296632,17697,0.45,105,114.51,141.022551388067,17768,0.45,105,112.205,138.3546349060992,17491,0.455,107,113.775,140.7379302107289,18035,0.45,106,99.485,122.3271229122961,15587,0.435,105,0,Roee_Savion_9
105.015,130.5909070341423,16857,0.405,98,121.745,150.64463150076077,19978,0.425,102,121.535,150.72420177264166,19899,0.415,101,118.1,146.34537915492925,19088,0.415,102,119.56,147.95026191257654,19346,0.395,100,116.965,144.89663557170678,18962,0.395,101,118.31,146.12652052245684,19220,0.405,103,105.94,130.7993119247957,16875,0.41,98,0,Roee_Savion_9
99.31,121.11721595215107,15440,0.375,113,116.39,140.48480344862926,17826,0.375,114,117.255,141.56237141274514,18199,0.385,110,112.46,136.18751778338572,17539,0.385,111,113.21,137.58397435748103,17855,0.385,111,110.31,133.98645453925556,17035,0.38,109,112.725,136.47840488516854,17173,0.4,111,99.565,122.23307653822675,15780,0.38,111,0,Roee_Savion_9
107.725,128.78728586316277,16847,0.36,107,133.435,157.1129689109082,19887,0.36,105,132.485,155.73244684393808,19818,0.365,106,128.33,150.99572841640256,19223,0.365,107,127.61,150.80401188297344,19262,0.36,105,124.985,147.5563790556003,18882,0.365,108,129.525,152.42068429186375,19095,0.36,107,112.03,132.173181848664,16509,0.365,106,0,Roee_Savion_9
102.365,124.922315860698,16834,0.395,106,119.6,147.37642280907758,20142,0.42,108,119.515,147.8955543618536,20243,0.415,107,114.47,140.88243325553404,19436,0.41,108,114.86,141.26372499690075,19441,0.41,108,111.135,137.0710582143437,18749,0.42,107,115.655,142.82112938917686,19012,0.4,106,103.425,127.14135833787525,16407,0.405,104,0,Roee_Savion_9
95.17,119.45266845072989,16153,0.415,115,106.19,131.32577812447943,17608,0.435,117,107.35,132.99060117166175,18003,0.395,115,101.985,126.79047677171972,17343,0.425,115,103.495,128.42435516676733,17565,0.42,115,99.895,123.54203737999467,16841,0.415,117,100.775,126.41746319239284,17050,0.425,119,92.14,115.44028759492934,15742,0.435,116,0,Roee_Savion_9
105.31,133.80209265927047,16970,0.415,103,120.875,153.25082381507775,20230,0.45,108,119.005,150.69862308594594,20868,0.415,108,112.395,142.1061750945398,19648,0.455,108,114.64,144.30526670915376,19901,0.425,108,111.19,140.7952058842914,19293,0.435,109,108.68,137.34179990083135,19470,0.47,104,112.635,161.62272426858792,18399,0.42,100,0,Roee_Savion_9
154.755,200.42386334965204,18678,0.305,102,156.255,200.1730376449336,20565,0.375,101,151.29,189.9977105125217,20869,0.385,99,129.32,157.63629023800326,18965,0.425,103,143.55,177.86463954367096,20018,0.385,99,135.62,167.06343106736435,19277,0.395,101,118.71,146.24564950794263,19142,0.425,107,111.615,137.6928647388818,16624,0.39,105,0,Roee_Savion_9
106.9,134.4805562153875,15561,0.395,108,124.71,158.3566228485566,18530,0.425,105,124.805,158.61382348332697,18826,0.42,106,120.695,153.0378874658168,18162,0.42,106,120.055,152.17435723537656,18148,0.425,103,117.56,148.28422033379007,17304,0.41,104,120.3,152.370305506027,17764,0.415,105,105.45,132.44836729835518,15578,0.41,106,0,Roee_Savion_9
102.785,126.63315126774663,16588,0.395,106,121.54,149.9090057334782,19996,0.365,104,121.515,149.7640644480511,19624,0.38,106,117.945,144.36736126978286,18817,0.36,104,116.625,143.578915583034,19195,0.37,105,114.92,140.96244180631945,18181,0.37,106,116.675,143.77696268874232,18842,0.375,106,102.605,126.70215073154836,17056,0.37,103,0,Roee_Savion_9
93.135,113.95992716740389,15368,0.41,112,109.235,135.46721005468444,18483,0.4,114,109.94,135.9862860732655,18575,0.41,113,103.185,127.54883378533886,17529,0.405,114,105.81,130.4260710134289,18025,0.4,115,102.525,125.41281832412507,17061,0.405,115,103.86,128.66708980932148,17417,0.42,112,91.31,112.07533180856525,15388,0.385,114,0,Roee_Savion_9
99.19,123.38577713820989,16153,0.375,101,114.785,143.68317577225247,19051,0.395,103,112.795,142.05764674947983,19039,0.385,101,109.52,138.01434708029453,18458,0.395,103,110.75,138.66747996556364,18651,0.37,105,107.83,135.63406651722863,18138,0.385,103,111.01,139.0069782421012,18623,0.38,101,98.275,123.72196652171351,16586,0.395,97,0,Roee_Savion_9
91.09,109.67460964142977,13569,0.51,117,109.745,131.69136266285653,16240,0.49,116,107.735,129.84927801108483,16241,0.495,114,104.265,125.90629452096508,15880,0.5,115,106.65,128.65414878658208,16073,0.49,115,103.57,124.46011409282895,15460,0.5,117,104.005,125.41656589143238,15429,0.48,117,91.06,109.59270048684812,13568,0.54,119,0,Roee_Savion_9
101.31,124.19939613379769,15817,0.38,104,118.725,146.04613996953154,18948,0.37,101,117.14,144.67525704141673,18586,0.365,103,113.19,139.42697013132002,17961,0.38,105,112.79,139.56045285108527,18200,0.37,101,111.82,137.9545214916858,17957,0.37,106,114.18,140.78909758926648,18098,0.39,105,101.89,125.22316079703467,15870,0.36,103,0,Roee_Savion_9
95.12,117.7023364254083,16385,0.445,110,111.095,136.43472798375055,18473,0.455,114,111.85,136.63132876467242,18626,0.47,112,106.415,131.0038739885199,18020,0.455,114,108.11,133.80149475996149,18515,0.465,114,105.915,130.59098360912978,18114,0.445,114,108.895,132.75211862716165,17896,0.46,114,94.61,116.57739918183113,15841,0.455,114,0,Roee_Savion_9
101.55,121.68524972238829,15199,0.42,104,120.11,144.0185057553369,18894,0.41,106,121.145,144.80999620191972,18970,0.39,106,115.915,138.61314872695158,18030,0.4,109,116.53,139.45397090079578,18082,0.41,106,113.48,136.181863697043,17566,0.41,106,116.605,139.88032384863857,18194,0.41,104,102.555,122.74540724605544,15544,0.415,104,0,Roee_Savion_9
120.5,171.49766762262396,20270,0.445,111,131.36,171.95778551726002,22021,0.405,111,124.9,157.75737700659198,19593,0.4,112,117.1,148.01114822877364,19091,0.405,112,117.32,148.7821561881666,19223,0.405,111,115.7,145.922205301318,18422,0.43,111,112.335,140.0382626284688,18814,0.395,113,123.005,189.15965478928112,18910,0.39,112,0,Roee_Savion_9
102.58,126.38389929100937,16237,0.34,115,119.44,148.4753514897338,19157,0.345,111,117.09,146.55234559705963,19426,0.335,113,112.305,140.07849585143325,18260,0.35,115,112.23,140.96503112474383,18767,0.35,119,111.805,139.81471667889613,18311,0.37,119,111.68,140.3114749405764,18610,0.355,119,101.295,124.73004850476087,15231,0.35,109,0,Roee_Savion_9
98.165,123.06159027088835,17074,0.4,119,114.03,146.00109588629806,20826,0.435,114,115.13,147.0338396424442,20792,0.41,114,110.27,140.96832977658494,20002,0.415,114,110.16,140.40854674840844,19609,0.43,115,107.68,137.18782744835636,19196,0.435,115,110.34,141.37040001358133,20023,0.42,120,97.17,123.05380936809718,17213,0.415,116,0,Roee_Savion_9
95.65,119.06124474403919,15410,0.415,110,111.45,140.94488284432322,18614,0.4,111,109.575,138.28490517768017,18385,0.41,114,105.035,131.64423648606876,17604,0.395,111,107.265,134.19081563206925,17854,0.41,112,105.75,132.62986089112815,17633,0.415,112,107.75,135.35475610409853,17748,0.42,106,95.705,119.57221667260333,16114,0.395,109,0,Roee_Savion_9
125.94,161.88804773669983,20462,0.395,115,152.35,191.19495286225524,22662,0.41,112,149.48,189.20737300644498,22839,0.4,108,145.405,185.44024644073357,22613,0.35,108,153.545,196.96589806359881,22825,0.34,112,153.6,202.66077568192617,23873,0.345,102,289.48,388.87495419479,39217,0.295,86,114.34,147.371672990436,18869,0.475,114,0,Roee_Savion_9
122.715,149.46148333266333,17290,0.405,111,146.12,177.53075789845545,20329,0.37,113,144.085,174.9814990220395,19837,0.385,113,138.5,169.31355527541203,19082,0.355,112,146.195,182.93082025727648,19965,0.325,106,154.945,196.32718864181803,21280,0.32,101,355.305,471.6432497131704,40040,0.21,92,116.565,147.2549659604049,17820,0.415,107,0,Roee_Savion_9
131.135,166.52824084821168,21108,0.345,100,159.315,200.9768767793947,25006,0.335,102,162.825,205.8001579202504,25789,0.325,97,157.11,199.46962174727258,25650,0.305,96,161.42,207.05866318509834,26343,0.33,99,155.45,204.44820860061355,26825,0.36,101,320.015,389.27348355622684,40078,0.295,81,125.37,155.16420334600375,17502,0.31,110,0,Roee_Savion_9
149.545,188.5678790250344,22399,0.29,94,181.43,230.06961989797784,27061,0.31,97,183.3,235.37801511611062,27810,0.315,98,180.675,236.4994820290311,27355,0.35,95,191.795,254.63013372340674,29043,0.35,97,199.24,262.3666327870219,28592,0.345,95,299.845,413.93367222297826,41283,0.275,92,117.98,152.19592635809934,18507,0.37,103,0,Roee_Savion_9
133.255,168.13808313407168,20413,0.33,99,153.94,195.9638231919351,24713,0.345,103,155.61,196.94844503067296,24724,0.36,105,161.265,200.10341076553394,24669,0.32,101,182.845,225.4305103574048,25882,0.315,99,190.275,234.7412298681252,26917,0.33,95,375.205,464.2350320688864,45658,0.225,82,130.355,160.7392453634146,19738,0.335,103,0,Roee_Savion_9
193.40384615384616,276.81201966455365,31126,0.3701923076923077,104,216.30769230769232,281.2344867516456,34884,0.34615384615384615,97,220.40865384615384,285.0166071409767,34876,0.35096153846153844,98,216.85096153846155,282.92852964064156,32822,0.3605769230769231,95,230.75,301.2678976489964,34088,0.33653846153846156,88,237.71153846153845,312.8928453836995,34378,0.3317307692307692,94,403.71153846153845,527.6972288960928,60101,0.2403846153846154,96,182.55769230769232,241.21674740939784,29458,0.34134615384615385,99,0,Roee_Savion_9
1140.3025,1822.7268905406536,294219,0.25,159,943.755,1396.0641049034962,215959,0.2725,155,610.8975,870.9659336047536,183592,0.295,181,420.9375,592.3343207176164,126218,0.31,181,401.1375,546.5991424252329,111728,0.2875,188,435.02,649.8287235879928,113597,0.285,177,526.4075,724.2047034506197,140947,0.3075,177,384.1375,508.51099545634213,111892,0.3275,177,2,Roee_Savion_9
460.295,597.2688130147095,60275,0.3,89,373.605,479.33930049600565,51968,0.26,85,307.545,411.76769543032395,49857,0.35,108,259.29,340.3802726363559,40459,0.36,103,243.09,313.4542231331395,37725,0.37,93,236.78,303.4844971328849,36013,0.34,93,283.005,380.25047665979326,39591,0.345,98,271.775,360.77278860801016,39610,0.31,94,0,Roee_Savion_9
368.795,485.75957530449153,52857,0.325,95,313.57,408.4223549219607,43521,0.29,84,302.765,391.8541884425889,41146,0.335,82,233.03,305.0315393529004,35927,0.37,101,212.81,270.42272463681746,30627,0.36,92,215.57,273.71152697685204,31222,0.34,97,241.39,335.77645837670036,36507,0.385,104,262.975,332.659563217413,34249,0.29,94,0,Roee_Savion_9
382.315,471.7224448762217,53130,0.3,78,318.33,395.4555347950007,45414,0.3,89,276.855,345.9988800559909,37143,0.31,88,235.52,290.6297816810934,32141,0.3,91,244.39,303.4021423787248,30858,0.275,84,249.285,314.62449841040666,29722,0.305,98,234.82,324.39332607191534,37304,0.32,93,238.205,305.8287674500226,37595,0.335,88,0,Roee_Savion_9
346.7910447761194,451.5499289208866,50562,0.29850746268656714,89,331.32338308457713,423.45756393966025,41003,0.26865671641791045,86,270.21890547263683,350.14331110055167,36552,0.29850746268656714,97,231.30348258706468,298.2808620022678,32683,0.3383084577114428,95,227.3233830845771,289.3234860877873,31045,0.3283582089552239,93,216.60199004975124,283.73473176534145,32138,0.3333333333333333,86,239.12437810945275,313.97345960022375,36454,0.32338308457711445,97,184.80597014925374,248.18944377229263,29849,0.30845771144278605,95,0,Roee_Savion_9
257.7909090909091,339.91188965270504,103785,0.3,242,359.03818181818184,502.050669300873,151588,0.32,263,326.2072727272727,448.1016483709107,140716,0.34,270,326.41636363636366,447.63949171789403,132871,0.3236363636363636,260,322.77272727272725,443.87790499804623,124839,0.32727272727272727,263,379.79454545454547,514.6644467293935,132563,0.29818181818181816,247,901.5781818181819,1246.993736223971,330882,0.28909090909090907,229,180.11818181818182,233.17936521835796,74646,0.37272727272727274,281,1,Roee_Savion_9
184.8,234.75144302005899,26019,0.345,102,238.255,301.8853507542226,32026,0.375,98,244.87,312.9912938086298,33413,0.37,97,242.91,315.35885907962063,35334,0.325,99,256.465,336.107460494408,37471,0.31,95,280.75,369.30116436317934,40274,0.27,89,528.115,661.7577615714076,80110,0.34,82,148.975,191.6308821667322,25544,0.425,102,0,Roee_Savion_9
152.425,192.5770884606993,23508,0.335,94,207.48,261.81296759328023,31605,0.355,98,212.335,267.9952704806561,32719,0.38,98,203.115,259.49902697312757,31964,0.365,98,214.45,278.1822424239189,33796,0.325,94,250.85,325.4273190744748,37491,0.315,86,502.37,653.8816788991721,69275,0.28,82,159.81,209.94908906684972,24037,0.36,99,0,Roee_Savion_9
150.775,192.47133552817675,23177,0.33,100,201.97,253.87886875437272,30117,0.355,92,211.36,266.6239674147844,31086,0.335,96,212.65,270.8826498689054,31163,0.35,97,237.335,304.96454711982506,34472,0.31,95,271.315,354.6688103005394,38459,0.27,87,558.03,691.4842948325002,81665,0.26,84,161.125,202.51944351098737,22753,0.37,109,0,Roee_Savion_9
155.38,205.13161628573982,26782,0.345,104,205.67,268.2646081763302,33767,0.36,106,205.86,271.6840628377012,34723,0.365,112,191.84,260.7985429407151,34221,0.38,108,203.305,276.21698897786865,34345,0.38,106,236.405,316.19267069304436,37921,0.33,100,471.645,605.7257093767772,66436,0.3,84,149.455,193.71601637448566,25128,0.39,110,0,Roee_Savion_9
256.83190883190883,446.84889763983676,57696,0.31054131054131057,169,290.9059829059829,438.0153245052329,65423,0.33903133903133903,174,276.037037037037,376.96506220027624,65304,0.34472934472934474,167,256.3133903133903,337.17924929308174,65525,0.33903133903133903,169,272.18518518518516,350.11533712156813,69576,0.3162393162393162,161,294.6980056980057,372.8801240272628,72478,0.31054131054131057,155,407.008547008547,528.5832701706265,102000,0.2905982905982906,165,203.42165242165242,320.31702156144354,49236,0.36752136752136755,179,0,Roee_Savion_9
3522.6975,4992.801416789977,963038,0.27,151,3041.6175,4237.225209674369,803157,0.2975,159,2609.4375,3777.2187112344977,792094,0.3275,187,1855.5225,2623.890411678811,543840,0.31,184,1508.55,2024.0118749651642,421102,0.2975,160,1308.5375,1664.66858338229,364712,0.2875,162,984.07,1288.5632483506581,289994,0.3125,184,2241.81,3080.814216242193,599905,0.29,167,2,Roee_Savion_9
739.795,927.2346493741484,86224,0.32,85,631.145,837.5381931589747,84008,0.26,82,588.42,819.4342926678137,83602,0.29,84,434.255,616.7643107379025,67570,0.33,92,330.105,457.37021656421837,46111,0.32,91,285.13,387.8535677288531,40351,0.37,100,383.31,502.4349211589497,55532,0.37,96,395.18,523.9719935263716,56287,0.28,100,0,Roee_Savion_9
600.695,775.3084257248853,79251,0.285,80,511.445,662.239424226616,70457,0.245,78,438.36,556.3180744861702,58566,0.305,88,334.23,432.3922293473832,47569,0.325,106,288.465,362.71809301439595,38322,0.34,106,266.35,336.32537816822565,37009,0.32,100,314.84,417.80173527643467,47921,0.32,98,354.44,438.69063131095015,45087,0.31,85,0,Roee_Savion_9
391.39,487.87532218795405,57054,0.295,87,339.78,441.46367914019834,49423,0.305,85,302.71,399.6019144098286,42126,0.355,95,236.11,309.11053039325594,35525,0.375,95,224.27,291.97302957636344,31170,0.33,93,225.655,288.58826206205964,30514,0.285,97,278.54,362.2116370300656,41184,0.295,102,221.27,282.00569143192837,31905,0.32,97,0,Roee_Savion_9
459.49,591.1017340526079,64065,0.26,75,369.225,465.46591174864784,47720,0.31,80,295.615,357.4415546631365,37133,0.315,97,223.33,269.1380686562197,30093,0.355,102,204.59,247.20548133081516,29185,0.33,97,205.855,247.31456689811057,29595,0.31,97,229.74,299.10979589441735,34937,0.33,97,218.39,284.26612531217995,32408,0.32,88,0,Roee_Savion_9
487.7133333333333,685.1820633962918,102550,0.31333333333333335,126,420.7366666666667,560.2258026903081,86149,0.3,115,305.1433333333333,422.2757274577832,66465,0.3,135,275.61,408.7406635019325,60758,0.32666666666666666,141,277.96,377.564749413925,58907,0.30333333333333334,140,286.3066666666667,379.74165779733283,59546,0.31333333333333335,139,423.29,604.7612008057395,90290,0.3233333333333333,142,238.95,312.45597556562535,48806,0.33666666666666667,147,0,Roee_Savion_9
739.4914285714286,1049.0334027093704,163907,0.2742857142857143,166,1914.7628571428572,2652.2554881243464,527529,0.38,181,1300.58,1736.8083593600236,358526,0.4085714285714286,195,1518.46,2055.807832181097,405511,0.3314285714285714,171,1284.3857142857144,1680.2786971214032,330078,0.3457142857142857,171,1422.597142857143,1899.5271734979585,344510,0.3342857142857143,159,2876.982857142857,3866.694848501569,825320,0.3485714285714286,154,716.3942857142857,964.8038142544835,201636,0.4228571428571429,189,1,Roee_Savion_9
318.35,401.13390532339696,27810,0.145,87,303.715,384.35071874526267,46218,0.325,94,296.67,363.06550373176464,45557,0.335,100,327.38,406.6828125210113,45332,0.36,88,339.565,435.82900890142685,51330,0.295,82,400.925,532.3332180129285,55213,0.245,88,748.125,988.0529312744333,99059,0.265,77,204.05,260.79434426382795,29526,0.345,105,0,Roee_Savion_9
170.165,219.08627296113283,23926,0.355,101,257.655,329.7049362687796,38990,0.345,96,252.005,324.6859636633527,40437,0.365,100,253.86,328.0746104165941,40448,0.36,92,272.945,353.9220323743635,41110,0.355,102,308.75,400.3499843886596,45095,0.325,99,673.56,838.385239612435,87305,0.28,84,172.17,231.7932915336421,28317,0.45,111,0,Roee_Savion_9
162.27,207.19732141125763,24475,0.305,97,241.165,311.2378431360814,38092,0.325,97,249.58,318.9822252101205,38278,0.345,97,244.965,310.3571410488246,37277,0.345,97,254.705,317.33034049709147,37334,0.33,95,278.07,346.9116313991216,37862,0.255,96,575.305,743.4050477364274,75328,0.29,79,152.39,199.00874352650942,25067,0.39,103,0,Roee_Savion_9
129.015,162.50201537211777,21987,0.415,100,193.5,247.613307396836,31607,0.405,104,202.715,256.36383325266456,30775,0.35,98,199.54,253.38895003531627,30867,0.365,105,204.855,260.736313159483,30356,0.385,110,224.545,286.3090550436713,29980,0.385,104,469.725,588.2137664148978,64739,0.305,91,162.815,210.83112910573712,26100,0.39,110,0,Roee_Savion_9
159.945,204.50570896676697,25238,0.335,101,234.68,296.2052666648586,36716,0.37,103,248.34,314.9475194377628,37732,0.36,98,253.385,325.6523222702396,38638,0.36,100,269.78,341.3338981115119,36330,0.36,96,282.925,367.36882693010307,39928,0.34,102,595.805,770.0661627418776,80267,0.295,90,168.555,217.32449240709155,25829,0.395,104,0,Roee_Savion_9
169.85258964143426,209.75459954878824,29261,0.30677290836653387,130,234.59362549800798,292.08266444369116,43663,0.32270916334661354,117,241.85258964143426,301.7774898604172,47505,0.32270916334661354,122,245.52589641434264,304.72866253262805,48763,0.3386454183266932,117,255.92828685258965,316.0911412263131,47134,0.32270916334661354,119,272.48605577689244,342.25363954947295,49808,0.28286852589641437,108,441.56573705179284,543.9003709741488,76188,0.2948207171314741,121,188.31474103585657,240.8545295037445,36706,0.38645418326693226,125,0,Roee_Savion_9
4450.477386934674,7427.563643171752,445537,0.271356783919598,65,2174.2763819095476,3576.191662795106,271904,0.2864321608040201,76,2491.713567839196,4431.8168246029945,301501,0.2663316582914573,96,1924.1507537688442,3235.090931748815,242202,0.2864321608040201,94,1611.5075376884422,2587.9529229988498,221597,0.2864321608040201,82,1713.643216080402,2587.6207082275873,216471,0.271356783919598,82,1748.5125628140704,2550.0526588315915,222389,0.2613065326633166,91,1887.5527638190954,3028.3772932299494,256527,0.32160804020100503,98,2,Roee_Savion_9
551.87,711.1373636647141,74237,0.26,85,404.58,517.7062101230774,60698,0.3,96,342.21,436.5928538123363,52335,0.365,92,283.86,364.6873592544716,41882,0.38,96,255.605,333.9776863803928,39736,0.365,98,270.11,345.04867772533197,38154,0.325,100,382.775,492.1294189539983,54662,0.3,94,328.65,437.2431474591683,47950,0.32,105,0,Roee_Savion_9
551.425,697.6465329950404,67997,0.265,88,412.74,530.4671431860789,53481,0.3,92,300.28,377.94901772593613,43580,0.345,96,272.725,342.29214860992647,39200,0.35,103,283.175,362.1181506083339,42743,0.33,92,290.22,374.93003347291346,42359,0.34,92,313.07,396.7783386224606,48178,0.285,95,250.82,313.40609438873395,37211,0.345,99,0,Roee_Savion_9
479.62,626.1274710472301,63501,0.27,79,387.515,492.2516277271209,51496,0.325,78,291.6,359.8443274528584,38710,0.325,90,235.27,293.3405870315255,34653,0.345,96,231.325,295.5433386155066,34345,0.33,98,235.875,305.1399105328571,35487,0.345,94,284.5,385.8772732359344,45195,0.36,96,239.515,313.4232521686928,37087,0.32,88,0,Roee_Savion_9
371.2830188679245,460.1798488215836,89684,0.2776280323450135,162,331.39622641509436,408.6472061369782,82674,0.29380053908355797,166,275.7870619946092,344.33389346487405,74461,0.3261455525606469,184,242.07277628032344,301.77688068221147,66248,0.3288409703504043,181,236.78975741239893,295.07833945427836,66471,0.32345013477088946,182,222.8787061994609,282.648820615173,63949,0.3557951482479784,179,256.32614555256066,344.46213003703264,72913,0.3450134770889488,196,206.0566037735849,259.51975655646464,56421,0.3018867924528302,166,0,Roee_Savion_9
1768.2727272727273,2821.608913629219,181690,0.2077922077922078,80,1778.8658008658008,3372.1958458118684,300340,0.38095238095238093,128,1121.5064935064936,1983.8265638653586,187068,0.36796536796536794,112,2979.099567099567,6441.26002838317,402086,0.2813852813852814,97,1684.021645021645,3079.954481166987,227652,0.24675324675324675,112,928.1774891774892,1460.750120116344,150639,0.30735930735930733,114,1743.025974025974,2519.559649391105,293444,0.30303030303030304,102,1097.5367965367966,1742.8217044512883,133443,0.2597402597402597,102,1,Roee_Savion_9
215.55,273.04528928366443,30673,0.315,103,526.3,710.2760590080451,83657,0.37,102,406.745,522.8956635888272,64967,0.39,108,303.49,375.69447693571436,46144,0.37,102,316.88,401.34914974371134,46741,0.33,100,365.905,491.22171674306094,49224,0.32,93,758.17,1011.1450786113732,108082,0.265,71,191.915,249.85196617197153,26885,0.41,113,0,Roee_Savion_9
151.8,187.24892523056042,20347,0.3,95,274.2,354.6767119504747,35796,0.355,98,257.08,324.4799993836292,35523,0.33,95,237.715,298.9106137292552,32245,0.3,105,245.955,309.5547205261131,32406,0.33,102,275.04,342.0166954989186,38549,0.32,97,530.435,671.4645374105769,71837,0.28,78,164.395,201.8114590403627,22915,0.34,85,0,Roee_Savion_9
144.175,190.78127528664862,24482,0.38,101,226.795,294.05029331731674,36797,0.37,99,231.86,301.0688791622276,37147,0.41,103,227.35,295.8559615758993,34645,0.385,104,230.165,302.13031128968174,35045,0.395,107,268.865,370.1069777780473,41147,0.345,105,575.325,737.4882948223653,83566,0.32,81,159.93,212.38639316114393,25319,0.43,112,0,Roee_Savion_9
154.55,204.01416617480268,22423,0.315,99,229.645,298.31241174312544,34621,0.315,107,238.91,307.28595802607055,37175,0.295,108,235.075,308.1339887127027,39899,0.315,104,243.085,313.2697799022434,36578,0.365,103,277.005,353.141083704516,40949,0.34,101,517.975,698.7441627663161,74111,0.355,90,166.615,230.08918922887273,27584,0.36,99,0,Roee_Savion_9
132.445,172.2968223734843,21521,0.42,108,199.435,260.4165989333245,33876,0.455,107,209.87,276.9593291441904,36907,0.41,105,219.15,292.6054510770433,38662,0.405,105,222.125,291.72347351558807,37210,0.375,111,240.51,315.67003342097587,38758,0.34,106,472.84,630.5886139156019,67991,0.32,84,162.3,206.6052758280872,24177,0.385,116,0,Roee_Savion_9
169.745,213.8413781287429,25481,0.295,84,242.715,304.3428247880998,36994,0.275,92,247.745,315.2764580491223,37963,0.3,95,241.415,312.60381475599434,38016,0.355,97,243.715,318.37175597090896,36052,0.35,102,250.825,326.30256664635664,39297,0.34,96,520.175,663.9513649357158,68742,0.295,93,170.685,217.39453764986828,26496,0.365,108,0,Roee_Savion_9
145.8561872909699,183.26413308368987,33202,0.34782608695652173,159,210.2876254180602,260.43070833938503,45794,0.33444816053511706,150,212.33110367892976,264.755677109808,47098,0.3411371237458194,156,209.66220735785953,262.9610078296704,46428,0.3712374581939799,155,212.51505016722408,271.59638310869633,48068,0.3277591973244147,144,235.36454849498327,303.33422519378365,53924,0.33444816053511706,144,515.5351170568562,675.5511784082901,113206,0.34782608695652173,128,147.2742474916388,195.77521920521377,37854,0.4013377926421405,161,0,Roee_Savion_9
1205.4974958263772,1648.1146738917053,434406,0.23205342237061768,238,1009.5225375626044,1393.4558378195038,359010,0.22537562604340566,233,777.762938230384,1146.7571771618816,319428,0.28046744574290483,267,571.1001669449082,829.7871833283681,257644,0.3055091819699499,277,487.2771285475793,692.725758599832,213255,0.31719532554257096,274,450.99666110183637,613.9526595052118,187952,0.2904841402337229,273,530.7729549248747,700.1841005224082,230637,0.32053422370617696,280,640.9866444073456,967.1448117067848,257827,0.31552587646076796,273,2,Roee_Savion_9
615.085,822.7113193581331,78053,0.31,78,465.68,602.7883127599605,62121,0.27,79,416.655,554.0109610829013,63749,0.28,87,343.17,452.1842765952837,56620,0.34,93,303.835,397.7534349317426,44999,0.315,89,276.33,353.7253878363836,41171,0.305,99,312.52,414.272953498053,48530,0.38,96,360.43,457.22742699886237,49868,0.3,88,0,Roee_Savion_9
415.11,533.0510200721878,56994,0.29,90,361.12,470.52749122660197,56758,0.285,87,347.5,443.55213898706427,53970,0.335,102,288.325,370.0504492633403,45880,0.33,98,276.35,349.04519764637934,41477,0.35,93,281.085,355.8078203187783,42327,0.36,95,263.405,339.54945884215454,37620,0.395,103,266.23,351.5209951055555,41832,0.38,97,0,Roee_Savion_9
328.525,410.60347660486264,48219,0.34,95,301.445,378.5353814374556,44622,0.3,81,293.095,357.4799784603328,44434,0.345,101,234.33,288.6558677733747,37210,0.335,89,226.29,277.0580444600012,33758,0.28,95,216.54,271.80327444679546,34443,0.315,95,295.05,390.07492869960254,41542,0.31,93,244.08,313.5187235238113,34781,0.335,84,0,Roee_Savion_9
332.0,428.4388087088771,44849,0.30049261083743845,87,311.6600985221675,391.6931479710715,43751,0.3251231527093596,90,257.5024630541872,330.43438346122366,37447,0.3448275862068966,98,200.0935960591133,268.43807479565936,33395,0.3842364532019704,97,191.3793103448276,250.8141030438964,29628,0.39901477832512317,108,192.84729064039408,255.3516265896312,29391,0.39901477832512317,114,274.807881773399,390.27652190055966,45732,0.30049261083743845,107,211.30049261083744,264.39502465825524,28762,0.3251231527093596,97,0,Roee_Savion_9
277.93868450390187,375.95322623514073,187342,0.38238573021181715,436,406.5328874024526,556.9836626382598,289065,0.38461538461538464,466,373.9409141583055,497.9136907921501,259341,0.35785953177257523,430,359.4303232998885,477.27574537550703,239386,0.36231884057971014,438,364.07915273132664,483.03196424650304,237559,0.34782608695652173,431,392.4816053511706,521.9001173035618,258576,0.3377926421404682,428,771.6945373467113,1027.0866505494562,499665,0.32887402452619846,392,219.6164994425864,288.224283255582,151457,0.38238573021181715,438,1,Roee_Savion_9
176.5,238.11440527611933,26632,0.375,99,233.45,319.07555531566504,36154,0.355,99,240.405,329.8573555341763,37274,0.37,107,234.47,317.8100533337484,36270,0.37,102,237.355,310.302038343289,36150,0.365,102,256.065,326.73012563888255,36267,0.36,92,487.54,608.2683700473008,72757,0.35,93,172.825,225.58400874175456,28680,0.37,89,0,Roee_Savion_9
182.21,234.77421067911186,27456,0.36,96,243.34,319.90523596840364,37381,0.34,95,257.285,341.99259494907193,39856,0.33,94,266.63,359.0835835846579,40583,0.315,88,297.27,410.8814305855157,42534,0.29,94,337.475,468.66756341782394,44395,0.3,98,496.95,608.4248597813867,69769,0.31,83,173.95,224.43627157837034,25459,0.34,95,0,Roee_Savion_9
184.825,241.29141095364335,29552,0.335,105,239.03,313.17576534591564,37264,0.375,99,243.545,318.4685463275769,36885,0.385,103,246.945,317.9477708681097,35996,0.375,102,257.9,335.29668951542004,37452,0.345,98,272.855,355.1118063371028,40251,0.305,100,455.305,609.3686774030972,74491,0.31,89,158.015,211.30457874830824,27792,0.37,101,0,Roee_Savion_9
170.35,231.4258628589294,26487,0.38,111,222.155,302.5140905809182,34567,0.34,113,215.725,299.8736817394951,32894,0.38,106,209.625,296.655128052761,32625,0.385,115,228.885,315.50680658267896,33247,0.34,107,265.755,367.61957918478714,38973,0.34,99,574.275,739.2201938529547,77019,0.265,87,141.96,188.45200980621036,25941,0.405,112,0,Roee_Savion_9
167.355,213.28156272870845,24380,0.41,94,217.88,275.9452300729259,31960,0.385,94,222.255,286.59287325402914,33301,0.405,96,223.19,291.5898832264247,32551,0.355,105,242.22,310.59755311334953,34938,0.315,100,264.97,338.2483111561682,37549,0.315,97,498.85,636.7660716464093,64277,0.285,92,150.48,207.9840618893669,25131,0.37,108,0,Roee_Savion_9
193.88,258.71331624019666,28212,0.385,111,256.26,340.0333218965459,38411,0.35,111,260.45,338.94506929589636,37091,0.365,107,261.765,343.23237755200194,35616,0.375,109,259.535,338.3927230305049,37283,0.325,113,274.035,352.3272839278843,40209,0.38,109,508.77,682.8699217274107,75037,0.335,100,174.58,240.36572134977982,26079,0.42,114,0,Roee_Savion_9
492.6628895184136,721.755288781352,80581,0.21529745042492918,152,443.7252124645892,613.8412677419162,104423,0.2776203966005666,188,554.5637393767705,797.7464523683506,137004,0.2804532577903683,181,669.1983002832861,998.4623518133614,166974,0.2776203966005666,175,772.2181303116147,1169.9823380667342,198987,0.28895184135977336,178,761.3087818696883,1138.1368154861138,195882,0.26062322946175637,173,640.0339943342776,836.1983445260472,156598,0.31444759206798867,187,513.4900849858357,709.0995247335434,124790,0.311614730878187,163,3,Roee_Savion_9
177.665,219.44070953221055,27711,0.42,113,200.13,250.58204245316543,31189,0.36,113,219.42,271.45625798643874,33944,0.355,115,234.99,288.01190947597985,35668,0.335,113,247.225,315.6814771252821,41431,0.345,116,226.54,289.1368361174342,38165,0.365,109,304.205,381.34440470524805,47183,0.385,121,231.505,303.0609757128093,34140,0.395,110,0,Roee_Savion_9
181.34957020057305,221.69938215034625,45020,0.3954154727793696,194,211.88252148997134,263.66555941311407,56269,0.3839541547277937,194,219.51002865329514,272.2384183890867,58959,0.39255014326647564,194,219.13180515759313,274.3322343165314,59915,0.3868194842406877,188,236.60171919770772,297.0877076171143,62506,0.39255014326647564,191,232.7106017191977,294.53717761453254,61921,0.39255014326647564,195,288.88825214899714,370.73204899090814,73909,0.36962750716332377,179,185.25214899713467,235.493148356032,46927,0.3667621776504298,181,0,Roee_Savion_9
289.84605757196493,390.43297906161007,156538,0.3166458072590738,387,359.83354192740927,477.78634973698627,209033,0.3191489361702128,407,380.90362953692113,513.4339032107324,225443,0.3579474342928661,411,496.50938673341676,699.7065243910079,277856,0.3316645807259074,414,439.630788485607,598.482341126955,244264,0.3016270337922403,397,431.50062578222776,578.6394652877434,240300,0.3041301627033792,386,730.6032540675844,970.4095118948339,424595,0.3078848560700876,362,250.6558197747184,345.5941067325372,147240,0.34167709637046306,414,4,Roee_Savion_9
173.8,219.05565502857942,26536,0.395,102,241.63,306.64246281296397,38632,0.4,100,259.29,326.8117806934138,39899,0.39,100,281.765,350.08082638156577,40688,0.395,102,289.085,364.9377001626442,43592,0.37,101,311.67,387.934762556799,43057,0.365,89,664.995,835.3172720589464,93443,0.385,92,168.15,218.57934486131117,25575,0.46,118,0,Roee_Savion_9
184.05,241.30607120418665,31214,0.355,108,258.59,332.24319406121776,40055,0.375,104,274.68,349.98695689982503,42203,0.37,102,269.85,344.6571049608582,43307,0.39,108,277.19,348.4584623739249,40638,0.37,102,260.805,332.14553286172617,39909,0.37,98,502.295,661.4097708682568,80509,0.335,92,176.635,233.95297604433247,27841,0.38,101,0,Roee_Savion_9
207.685,269.0935989576861,29734,0.33,96,277.31,354.8724559612932,39843,0.335,100,286.625,367.96183905399755,40983,0.305,100,287.725,374.1508452482768,40485,0.305,98,302.665,389.82333819308457,41381,0.29,88,315.995,405.733958401315,40896,0.295,96,535.82,704.3066377651144,77850,0.33,87,171.04,218.27166559129932,26411,0.47,106,0,Roee_Savion_9
195.635,248.9169439793121,30695,0.405,101,263.8,330.80900834167136,38636,0.39,98,269.685,339.91033376465623,38696,0.41,94,273.8,344.37454900151954,38817,0.39,96,270.075,338.1140414120656,36937,0.39,95,271.015,340.4786116630529,37830,0.395,96,525.725,650.6653633012902,81917,0.35,91,174.22,224.01674044588722,28661,0.43,108,0,Roee_Savion_9
276.9656862745098,341.63714123980986,35336,0.2647058823529412,89,344.30392156862746,421.7575969537897,44509,0.28431372549019607,97,354.171568627451,440.24225171611874,50435,0.29411764705882354,97,354.48039215686276,446.1740296183568,52948,0.3431372549019608,95,353.3480392156863,446.6711241363772,52465,0.3235294117647059,91,353.8480392156863,462.00540591863125,53371,0.27941176470588236,101,713.9117647058823,932.0716016424035,97798,0.2696078431372549,92,227.23039215686273,288.22404990072647,35548,0.37745098039215685,107,0,Roee_Savion_9
621.4277456647399,905.6703103131177,123555,0.26878612716763006,173,566.028901734104,788.4502029572652,135856,0.3092485549132948,171,584.1300578034682,833.5911325707455,122806,0.30346820809248554,172,678.956647398844,989.3713292629972,150546,0.29190751445086704,174,839.7196531791908,1224.1903954358802,207774,0.30346820809248554,157,829.0520231213873,1212.8095838610454,204729,0.3208092485549133,157,765.7196531791908,984.0821888111075,175471,0.3554913294797688,172,663.5895953757225,925.0434296944168,158663,0.25722543352601157,163,3,Roee_Savion_9
312.595,398.7416394107844,42806,0.325,94,331.765,422.76049366041764,47386,0.335,101,323.995,410.3021386734415,48196,0.325,97,321.865,406.8167339232741,46498,0.295,95,342.49,424.77279809328655,48484,0.325,104,309.785,381.75534704834195,43021,0.335,109,414.42,520.5153407921806,56347,0.295,98,543.715,1259.9877479563045,38113,0.21,73,0,Roee_Savion_9
242.17,308.96800805261375,35098,0.335,103,256.055,313.204318297178,34734,0.335,98,254.25,315.26436525557403,36487,0.305,102,246.6,310.132068641732,35771,0.295,101,252.225,315.243580426311,37354,0.305,107,240.655,290.5852628747714,35074,0.295,104,371.505,448.04601884181494,49158,0.285,94,763.135,1119.5938884256202,51054,0.125,51,0,Roee_Savion_9
213.88,264.510358965391,30778,0.305,112,229.36,288.24767128287436,38179,0.355,121,234.22,288.26718509049897,37792,0.355,118,236.245,292.8865223939128,37893,0.355,110,236.78,292.40237687132435,38536,0.39,112,233.585,282.9530438076254,35537,0.36,108,311.43,402.7760295747501,46785,0.37,102,165.575,211.97618970063596,21674,0.28,87,0,Roee_Savion_9
326.48333333333335,425.5287299348894,59872,0.3416666666666667,122,427.4583333333333,628.7437010950223,75735,0.3541666666666667,128,377.22083333333336,506.84789384982156,66906,0.36666666666666664,118,446.4375,574.5256195331937,77157,0.3625,114,441.29583333333335,597.7521678477349,79477,0.35833333333333334,120,412.3041666666667,537.3732137289068,77059,0.3416666666666667,125,1255.025,1654.7714242960164,211630,0.3333333333333333,104,542.7583333333333,719.0745267355811,94823,0.30416666666666664,111,0,Roee_Savion_9
704.538,921.2123718231318,249198,0.324,258,1140.272,1603.1547885341577,489316,0.382,280,1045.454,1474.012026409554,408999,0.376,270,1487.336,2114.6585067097712,581028,0.338,252,1323.59,1863.3986181169073,495878,0.32,234,1245.254,1754.842657904121,469625,0.34,232,2016.942,2789.397806337418,797646,0.42,251,689.546,1024.5239684848764,241540,0.34,257,4,Roee_Savion_9
216.815,278.83594639142206,32630,0.35,106,309.565,411.60118440062826,50658,0.42,104,346.065,466.3408999862654,55990,0.36,100,401.43,535.7024733935807,62522,0.375,102,437.565,582.8442201823743,64385,0.34,95,427.275,568.975812315427,62279,0.32,98,669.745,858.5783685837886,105004,0.36,104,202.47,258.26931679934415,31249,0.41,116,0,Roee_Savion_9
212.92890995260663,277.2193341773011,33052,0.36492890995260663,118,306.9194312796209,398.3490931331462,48584,0.3791469194312796,116,335.2701421800948,435.00112763377297,55092,0.3744075829383886,102,359.9431279620853,470.0320650552415,57919,0.3933649289099526,102,382.53554502369667,495.7123697816127,59258,0.3696682464454976,104,401.8767772511848,512.5671658681098,60230,0.3175355450236967,96,593.654028436019,773.2471662377992,97436,0.35071090047393366,100,181.33175355450237,236.93536023335554,32427,0.3696682464454976,121,0,Roee_Savion_9
228.486,297.9486745509479,240967,0.33266666666666667,736,255.59666666666666,330.05037090319007,292649,0.386,778,283.5853333333333,367.89815800934184,330033,0.372,764,305.67066666666665,400.3996353644693,354228,0.37066666666666664,801,334.874,437.8258367585601,367470,0.33666666666666667,770,348.99466666666666,455.39457616445105,370539,0.31933333333333336,747,486.978,660.6217339244398,556821,0.36933333333333335,766,215.16066666666666,286.3769764954345,257303,0.38133333333333336,811,3,Roee_Savion_9
198.90079893475365,253.39741973869104,228578,0.3681757656458056,768,255.47003994673767,328.85903309544153,295979,0.3808255659121172,779,269.9560585885486,346.2595199073926,315050,0.37017310252996005,794,289.53728362183756,377.87252146285755,343029,0.3715046604527297,807,297.03328894806924,389.8718899150576,339152,0.35153129161118507,757,295.0785619174434,383.952709443773,326839,0.34420772303595204,774,546.5146471371505,743.7083571575567,626204,0.340878828229028,709,176.9820239680426,227.2155938718452,203576,0.3981358189081225,804,4,Roee_Savion_9
201.28,245.35445787676244,28562,0.31,97,266.655,329.26078570033206,40097,0.355,101,279.84,346.0784159695603,42496,0.34,96,292.0,367.3044649878354,43662,0.31,93,341.165,430.80669098796506,48609,0.26,87,345.055,445.76418092978264,50042,0.25,89,538.035,726.4369587238799,84044,0.31,102,174.7,222.95313408875865,26646,0.415,99,0,Roee_Savion_9
188.8,244.45516971420344,28829,0.335,97,241.985,318.55039632686066,39607,0.34,95,259.0,338.99047184249883,41594,0.335,99,280.705,357.0501155300191,40611,0.32,99,286.475,352.9260758289192,37011,0.34,99,295.88,361.33235393471205,38456,0.33,95,501.87,651.1735559741351,73001,0.345,98,178.31,224.13558396649114,25647,0.365,110,0,Roee_Savion_9
199.14429530201343,248.41310446471752,44483,0.3523489932885906,153,269.28859060402687,340.0566968124284,58262,0.3523489932885906,154,277.68120805369125,362.9982574329095,62456,0.35570469798657717,154,279.2281879194631,378.2539007370827,65729,0.40268456375838924,152,290.244966442953,400.319901441251,70217,0.3523489932885906,144,316.30872483221475,438.9539349942997,72777,0.33221476510067116,145,532.5939597315436,709.8438031230637,115642,0.3624161073825503,140,171.8758389261745,230.45437318654936,39580,0.3724832214765101,164,0,Roee_Savion_9
3094.757575757576,6585.756006854352,212113,0.19696969696969696,62,1118.3838383838383,1618.1672479766244,112995,0.22727272727272727,82,1326.2878787878788,1871.48280620993,144927,0.25757575757575757,80,1418.7070707070707,2005.3951473387226,156487,0.23232323232323232,83,1719.030303030303,2362.964396129095,185685,0.2727272727272727,87,1532.171717171717,2194.1906678474156,183464,0.25757575757575757,85,1137.550505050505,1565.9044970685134,123739,0.2727272727272727,88,1790.70202020202,2693.5936464736533,151025,0.20202020202020202,79,3,Roee_Savion_9
204.905,257.7878682172612,30819,0.395,102,198.05,251.57817870395675,30561,0.45,111,201.57,252.7230104284135,30199,0.415,106,209.03,259.5542139900641,30461,0.435,105,223.825,279.3819876083639,33022,0.4,99,222.63,276.89449254183444,34421,0.41,106,322.725,414.31748092495445,48646,0.35,109,176.44,229.2042538872261,27324,0.33,103,0,Roee_Savion_9
185.32,229.06031956670276,27173,0.385,113,215.875,257.8032098326163,30662,0.375,109,211.35,250.68907036406674,29280,0.38,107,200.745,238.1281062789523,29145,0.37,111,197.835,238.59319981927396,30036,0.39,113,190.565,237.82919290953328,31794,0.4,113,314.68,387.430793820006,45389,0.355,103,164.915,211.4661793289887,26287,0.37,111,0,Roee_Savion_9
182.11,226.6113192230256,28189,0.375,99,207.98,258.7973724750698,34079,0.385,108,205.41,255.28252975869697,34071,0.385,107,193.99,236.67777673452994,29901,0.38,110,187.435,235.48867276368094,30665,0.4,108,192.0,237.92429468215306,29764,0.36,114,300.84,380.14069763707226,44236,0.32,95,163.515,202.70164034856748,24848,0.32,99,0,Roee_Savion_9
192.21,241.76819476515104,29593,0.42,103,230.675,288.72531063278814,35074,0.39,105,232.34,287.61667197852074,34352,0.41,109,220.99,274.3625338853685,33917,0.4,114,222.98,280.9357933763514,35199,0.45,107,221.96,277.4352176635115,33792,0.43,110,301.925,384.43651621561656,45404,0.325,102,151.675,192.01709559307474,22677,0.36,107,0,Roee_Savion_9
169.1,209.81403670870068,26559,0.445,118,201.45,249.85351708551153,32864,0.435,112,207.14,255.95946944780144,34221,0.405,113,203.405,250.80088715951544,33747,0.36,117,206.96,250.4138374770851,32156,0.375,119,210.965,257.44316848578444,32213,0.365,121,301.74,394.2703006821589,44843,0.365,101,139.97,177.91377124888336,20806,0.465,113,0,Roee_Savion_9
171.3658536585366,215.68533991363097,27544,0.3902439024390244,115,198.44878048780487,246.5821982378389,32948,0.4146341463414634,119,208.1951219512195,256.18775508142176,32705,0.4097560975609756,117,212.88780487804877,262.70848167020307,34500,0.3902439024390244,118,222.5268292682927,285.7481237801964,36109,0.3902439024390244,112,202.86829268292684,252.39027077224628,32988,0.3804878048780488,106,319.8536585365854,410.0308733170842,46783,0.33658536585365856,98,190.06829268292682,295.3009543813507,30950,0.35609756097560974,103,0,Roee_Savion_9
2913.843434343434,5333.445966140219,237381,0.20707070707070707,72,2994.5858585858587,5015.718920845674,265375,0.2676767676767677,88,2836.0454545454545,4908.286773972723,232852,0.2676767676767677,86,4275.287878787879,6660.728652847876,371288,0.2474747474747475,80,3520.2070707070707,5642.208046626262,295426,0.2474747474747475,69,2827.2979797979797,4762.642957901048,224726,0.2474747474747475,72,3438.3636363636365,5350.907714933735,366744,0.3181818181818182,84,3666.217171717172,5815.79625813711,350234,0.21212121212121213,78,4,Roee_Savion_9
194.36,255.31956446774697,32063,0.37,100,246.32,319.06071522517465,40185,0.405,104,265.07,346.42847746685027,42618,0.42,109,285.295,373.6011710367086,43915,0.415,105,303.465,400.12077551659326,47855,0.385,105,301.975,412.4389712430192,45623,0.345,103,655.895,914.0124096531732,94581,0.345,92,209.6,275.7435040032675,33825,0.38,100,0,Roee_Savion_9
164.005,211.14955600237477,24986,0.35,98,222.825,287.78471988623716,34354,0.325,101,232.055,304.1037076393512,37863,0.33,95,243.9,319.2389387277185,39507,0.38,105,264.385,332.69001337581506,36752,0.32,100,278.34,350.20792395375634,37156,0.31,98,494.23,639.4907583382264,71495,0.315,86,161.925,211.88354112577977,26555,0.41,111,0,Roee_Savion_9
147.9966777408638,191.77325169701112,35356,0.36212624584717606,169,199.0531561461794,261.964562285985,48908,0.3488372093023256,159,213.5581395348837,278.7613978719464,49375,0.33222591362126247,156,233.59136212624585,296.872384408831,50104,0.3089700996677741,151,254.0265780730897,330.3987121193115,56849,0.3089700996677741,149,286.3853820598007,368.78435478233877,59131,0.30564784053156147,148,489.9966777408638,640.8090064319107,112316,0.28903654485049834,140,156.89036544850498,203.5435255109055,38484,0.3920265780730897,160,0,Roee_Savion_9
1174.5241666666666,7840.324120606665,4003103,0.30133333333333334,2815,976.061,3008.4412312137106,3855806,0.32366666666666666,2913,1347.1681666666666,10075.991739154018,4763918,0.335,2935,711.4423333333333,1931.5703753681873,2844376,0.3338333333333333,2845,560.6003333333333,1737.9364708373741,2233853,0.3283333333333333,2860,528.6056666666667,1262.5615162570627,2157516,0.30883333333333335,2871,1065.6878333333334,2043.1396586707756,4214416,0.2865,2668,656.3211666666666,4055.2168926992467,2405190,0.3456666666666667,3001,5,Roee_Savion_9
196.42,259.23653291926274,29770,0.37,94,217.585,272.7741465021933,34175,0.365,103,230.365,290.97566049413825,37128,0.38,100,231.575,295.4469410909512,37941,0.36,104,245.975,310.8024694239092,39414,0.365,102,259.43,334.5538073314964,42851,0.4,104,322.31,439.4616365509053,52622,0.385,108,172.075,223.46788359851624,26621,0.445,106,0,Roee_Savion_9
212.405,277.0465935542251,28841,0.285,105,239.32,326.73265830032966,35547,0.325,105,226.08,303.6896277451701,34207,0.4,107,445.365,875.8588613469639,59814,0.325,87,297.735,437.66263834145127,42810,0.32,89,221.965,293.06877179256065,32159,0.395,110,410.075,655.5221468417371,52262,0.335,89,172.25,241.79046714045614,28781,0.38,102,0,Roee_Savion_9
172.905,217.94328390661641,24972,0.305,95,199.83,248.98726875083392,29217,0.345,102,197.005,246.66583671031546,29275,0.345,101,204.135,250.74121121187878,27957,0.345,102,189.51,241.99252054557388,30632,0.35,91,210.64,267.3819739623447,33208,0.345,104,375.9,496.58111119936893,51031,0.305,87,182.435,228.92244319856454,27060,0.31,99,0,Roee_Savion_9
147.07,184.53563341533797,22541,0.35,109,169.24,216.16065784503894,28258,0.355,107,168.605,218.67659911385124,28766,0.395,105,171.36,225.19555945888453,28067,0.385,101,189.065,246.14452055652183,27559,0.345,103,204.0,267.13373055456697,29743,0.355,101,319.71,421.8081791525622,43643,0.31,96,150.8,195.3152835801643,25897,0.395,103,0,Roee_Savion_9
153.255,202.01379903363036,24920,0.415,103,189.745,251.4463262805802,31874,0.355,105,193.14,255.4526374888308,32437,0.355,101,192.455,253.74283241108506,31983,0.38,101,213.68,272.21476815191346,32251,0.345,100,228.61,287.5323633958445,35131,0.335,92,293.29,396.1480783747411,46647,0.325,98,143.89,188.11685198301612,24899,0.405,106,0,Roee_Savion_9
159.795,204.17241488506718,25477,0.34,107,196.545,252.11809732742313,30830,0.34,106,199.51,259.3389095373079,31758,0.375,105,205.105,266.51627530040264,33044,0.365,99,208.21,276.0808758317026,34800,0.38,97,223.24,292.2368902106645,36857,0.35,95,307.04,403.38753079390045,45706,0.32,96,154.035,201.54511901805014,27088,0.405,108,0,Roee_Savion_9
142.725,185.16024141267476,24047,0.365,109,174.755,221.77787310730528,27893,0.385,104,179.52,227.6406817772254,29088,0.385,104,175.48,222.6452559566451,28426,0.395,110,182.08,228.08706670918454,28916,0.38,108,181.655,234.1802617643084,30531,0.35,108,273.97,365.20774909631916,37571,0.33,97,148.915,201.37625232385273,21719,0.355,106,0,Roee_Savion_9
135.61,170.95979059416283,20416,0.36,111,149.005,194.61858852637894,23230,0.345,114,148.755,194.73480685280686,23131,0.375,111,149.48,189.45302847935685,23166,0.355,109,159.205,196.7321656465968,22936,0.4,106,160.815,198.3629123601486,24093,0.37,110,153.685,198.14745771773102,24901,0.4,107,134.95,169.65193780207758,19423,0.345,111,0,Roee_Savion_9
181.825,248.76294941168388,21595,0.295,98,140.475,167.39807346561668,20071,0.405,112,142.61,171.4475138344094,21397,0.4,108,136.285,165.31350519543162,21226,0.405,108,150.195,181.39838753417848,22469,0.36,100,144.705,174.33919524880227,21898,0.395,104,141.595,172.83597715753513,21862,0.395,107,119.85,148.22152340331684,17924,0.395,111,0,Roee_Savion_9
117.22,147.32596512495684,19639,0.435,117,122.505,153.9280188919483,21510,0.47,115,123.315,154.52651875972614,21536,0.46,115,124.135,156.85466202826106,22161,0.4,119,135.35,171.0673843840491,22505,0.365,115,127.17,161.59449248040602,21580,0.395,112,117.635,150.25197170087318,22237,0.465,121,102.92,125.43532197909806,16630,0.46,121,0,Roee_Savion_9
115.835,146.56389391661236,18709,0.38,109,114.95,143.68364555508745,19908,0.4,128,115.39,143.57778379679777,19156,0.44,123,112.935,140.69273257705956,18810,0.45,121,124.895,158.47307342258495,20624,0.435,117,124.845,154.811740510854,19200,0.435,111,127.065,166.22555459375073,21923,0.42,121,104.945,131.37969782276105,16982,0.385,117,0,Roee_Savion_9
143.17465753424656,179.81690649939927,30480,0.3561643835616438,166,141.79109589041096,173.51697441737193,31771,0.363013698630137,168,134.2431506849315,165.8197878867131,31799,0.3801369863013699,171,126.3013698630137,155.7201344527181,30002,0.4452054794520548,165,132.92465753424656,164.25837899021514,30535,0.4657534246575342,162,135.8835616438356,171.11409715910418,30732,0.4178082191780822,167,134.55479452054794,166.12021146607734,30839,0.3835616438356164,171,115.65068493150685,143.531415109333,26574,0.3732876712328767,168,0,Roee_Savion_9
